<domain type="kvm">
  <name>win11</name>
  <uuid>5d582358-912f-4776-89a4-bcc2ec277043</uuid>
  <metadata>
    <libosinfo:libosinfo xmlns:libosinfo="http://libosinfo.org/xmlns/libvirt/domain/1.0">
      <libosinfo:os id="http://microsoft.com/win/11"/>
    </libosinfo:libosinfo>
  </metadata>
  <memory unit="KiB">8388608</memory>
  <currentMemory unit="KiB">8388608</currentMemory>
  <memoryBacking>
    <source type="memfd"/>
    <access mode="shared"/>
  </memoryBacking>
  <vcpu placement="static">12</vcpu>
  <os firmware="efi">
    <type arch="x86_64" machine="pc-q35-7.2">hvm</type>
    <firmware>
      <feature enabled="no" name="enrolled-keys"/>
      <feature enabled="yes" name="secure-boot"/>
    </firmware>
    <loader readonly="yes" secure="yes" type="pflash">/usr/share/edk2/x64/OVMF_CODE.secboot.4m.fd</loader>
    <nvram template="/usr/share/edk2/x64/OVMF_VARS.4m.fd">/var/lib/libvirt/qemu/nvram/win11_VARS.fd</nvram>
    <bootmenu enable="yes"/>
  </os>
  <features>
    <acpi/>
    <apic/>
    <hyperv mode="custom">
      <relaxed state="on"/>
      <vapic state="on"/>
      <spinlocks state="on" retries="8191"/>
      <vendor_id state="on" value="123456789123"/>
    </hyperv>
    <kvm>
      <hidden state="on"/>
    </kvm>
    <vmport state="off"/>
    <smm state="on"/>
    <ioapic driver="kvm"/>
  </features>
  <cpu mode="host-passthrough" check="none" migratable="on">
    <topology sockets="1" dies="1" cores="6" threads="2"/>
  </cpu>
  <clock offset="localtime">
    <timer name="rtc" tickpolicy="catchup"/>
    <timer name="pit" tickpolicy="delay"/>
    <timer name="hpet" present="no"/>
    <timer name="hypervclock" present="yes"/>
  </clock>
  <on_poweroff>destroy</on_poweroff>
  <on_reboot>restart</on_reboot>
  <on_crash>destroy</on_crash>
  <pm>
    <suspend-to-mem enabled="no"/>
    <suspend-to-disk enabled="no"/>
  </pm>
  <devices>
    <emulator>/usr/bin/qemu-system-x86_64</emulator>
    <disk type="file" device="disk">
      <driver name="qemu" type="qcow2" discard="unmap"/>
      <source file="/vm/win11.qcow2"/>
      <target dev="vda" bus="virtio"/>
      <boot order="1"/>
      <address type="pci" domain="0x0000" bus="0x04" slot="0x00" function="0x0"/>
    </disk>
    <controller type="usb" index="0" model="qemu-xhci" ports="15">
      <address type="pci" domain="0x0000" bus="0x02" slot="0x00" function="0x0"/>
    </controller>
    <controller type="pci" index="0" model="pcie-root"/>
    <controller type="pci" index="1" model="pcie-root-port">
      <model name="pcie-root-port"/>
      <target chassis="1" port="0x10"/>
      <address type="pci" domain="0x0000" bus="0x00" slot="0x02" function="0x0" multifunction="on"/>
    </controller>
    <controller type="pci" index="2" model="pcie-root-port">
      <model name="pcie-root-port"/>
      <target chassis="2" port="0x11"/>
      <address type="pci" domain="0x0000" bus="0x00" slot="0x02" function="0x1"/>
    </controller>
    <controller type="pci" index="3" model="pcie-root-port">
      <model name="pcie-root-port"/>
      <target chassis="3" port="0x12"/>
      <address type="pci" domain="0x0000" bus="0x00" slot="0x02" function="0x2"/>
    </controller>
    <controller type="pci" index="4" model="pcie-root-port">
      <model name="pcie-root-port"/>
      <target chassis="4" port="0x13"/>
      <address type="pci" domain="0x0000" bus="0x00" slot="0x02" function="0x3"/>
    </controller>
    <controller type="pci" index="5" model="pcie-root-port">
      <model name="pcie-root-port"/>
      <target chassis="5" port="0x14"/>
      <address type="pci" domain="0x0000" bus="0x00" slot="0x02" function="0x4"/>
    </controller>
    <controller type="pci" index="6" model="pcie-root-port">
      <model name="pcie-root-port"/>
      <target chassis="6" port="0x15"/>
      <address type="pci" domain="0x0000" bus="0x00" slot="0x02" function="0x5"/>
    </controller>
    <controller type="pci" index="7" model="pcie-root-port">
      <model name="pcie-root-port"/>
      <target chassis="7" port="0x16"/>
      <address type="pci" domain="0x0000" bus="0x00" slot="0x02" function="0x6"/>
    </controller>
    <controller type="pci" index="8" model="pcie-root-port">
      <model name="pcie-root-port"/>
      <target chassis="8" port="0x17"/>
      <address type="pci" domain="0x0000" bus="0x00" slot="0x02" function="0x7"/>
    </controller>
    <controller type="pci" index="9" model="pcie-root-port">
      <model name="pcie-root-port"/>
      <target chassis="9" port="0x18"/>
      <address type="pci" domain="0x0000" bus="0x00" slot="0x03" function="0x0" multifunction="on"/>
    </controller>
    <controller type="pci" index="10" model="pcie-root-port">
      <model name="pcie-root-port"/>
      <target chassis="10" port="0x19"/>
      <address type="pci" domain="0x0000" bus="0x00" slot="0x03" function="0x1"/>
    </controller>
    <controller type="pci" index="11" model="pcie-root-port">
      <model name="pcie-root-port"/>
      <target chassis="11" port="0x1a"/>
      <address type="pci" domain="0x0000" bus="0x00" slot="0x03" function="0x2"/>
    </controller>
    <controller type="pci" index="12" model="pcie-root-port">
      <model name="pcie-root-port"/>
      <target chassis="12" port="0x1b"/>
      <address type="pci" domain="0x0000" bus="0x00" slot="0x03" function="0x3"/>
    </controller>
    <controller type="pci" index="13" model="pcie-root-port">
      <model name="pcie-root-port"/>
      <target chassis="13" port="0x1c"/>
      <address type="pci" domain="0x0000" bus="0x00" slot="0x03" function="0x4"/>
    </controller>
    <controller type="pci" index="14" model="pcie-root-port">
      <model name="pcie-root-port"/>
      <target chassis="14" port="0x1d"/>
      <address type="pci" domain="0x0000" bus="0x00" slot="0x03" function="0x5"/>
    </controller>
    <controller type="pci" index="15" model="pcie-root-port">
      <model name="pcie-root-port"/>
      <target chassis="15" port="0x8"/>
      <address type="pci" domain="0x0000" bus="0x00" slot="0x01" function="0x0"/>
    </controller>
    <controller type="pci" index="16" model="pcie-to-pci-bridge">
      <model name="pcie-pci-bridge"/>
      <address type="pci" domain="0x0000" bus="0x08" slot="0x00" function="0x0"/>
    </controller>
    <controller type="sata" index="0">
      <address type="pci" domain="0x0000" bus="0x00" slot="0x1f" function="0x2"/>
    </controller>
    <controller type="virtio-serial" index="0">
      <address type="pci" domain="0x0000" bus="0x03" slot="0x00" function="0x0"/>
    </controller>
    <filesystem type="mount" accessmode="passthrough">
      <driver type="virtiofs"/>
      <source dir="/home/raabe"/>
      <target dir="share"/>
      <address type="pci" domain="0x0000" bus="0x0b" slot="0x00" function="0x0"/>
    </filesystem>
    <interface type="network">
      <mac address="52:54:00:fa:68:f7"/>
      <source network="default"/>
      <model type="e1000e"/>
      <address type="pci" domain="0x0000" bus="0x01" slot="0x00" function="0x0"/>
    </interface>
    <channel type="spicevmc">
      <target type="virtio" name="com.redhat.spice.0"/>
      <address type="virtio-serial" controller="0" bus="0" port="1"/>
    </channel>
    <input type="tablet" bus="usb">
      <address type="usb" bus="0" port="1"/>
    </input>
    <input type="mouse" bus="ps2"/>
    <input type="keyboard" bus="ps2"/>
    <input type="keyboard" bus="virtio">
      <address type="pci" domain="0x0000" bus="0x09" slot="0x00" function="0x0"/>
    </input>
    <input type="tablet" bus="virtio">
      <address type="pci" domain="0x0000" bus="0x0a" slot="0x00" function="0x0"/>
    </input>
    <tpm model="tpm-crb">
      <backend type="emulator" version="2.0"/>
    </tpm>
    <graphics type="spice" autoport="yes">
      <listen type="address"/>
      <image compression="off"/>
      <gl enable="no"/>
    </graphics>
    <audio id="1" type="none"/>
    <video>
      <model type="none"/>
    </video>
    <hostdev mode="subsystem" type="pci" managed="yes">
      <source>
        <address domain="0x0000" bus="0x09" slot="0x00" function="0x0"/>
      </source>
      <rom file="/usr/share/vgabios/gtx760p.rom"/>
      <address type="pci" domain="0x0000" bus="0x06" slot="0x00" function="0x0"/>
    </hostdev>
    <hostdev mode="subsystem" type="pci" managed="yes">
      <source>
        <address domain="0x0000" bus="0x09" slot="0x00" function="0x1"/>
      </source>
      <rom file="/usr/share/vgabios/gtx760p.rom"/>
      <address type="pci" domain="0x0000" bus="0x07" slot="0x00" function="0x0"/>
    </hostdev>
    <watchdog model="itco" action="reset"/>
    <memballoon model="virtio">
      <address type="pci" domain="0x0000" bus="0x05" slot="0x00" function="0x0"/>
    </memballoon>
    <shmem name="looking-glass">
      <model type="ivshmem-plain"/>
      <size unit="M">64</size>
      <address type="pci" domain="0x0000" bus="0x10" slot="0x01" function="0x0"/>
    </shmem>
  </devices>
</domain>
